"Record ID","Deal Name","Deal Locs (for Commit)","Deal Temperature","Deal Stage","Lula Deal Source","Lula Tag","Next step","Follow Up Date","Stripe Monthly Fee","Total Store Locs (Cloned)","Number of Sales Activities","Deal owner","Deal Type","Create Date","Cumulative time in ""1. Active Pipe Lead (Sales Pipeline)"" (HH:mm:ss)","Cumulative time in ""1. Exp Target ID (Expansion)"" (HH:mm:ss)","Cumulative time in ""1. Inbound Received (SS Pipeline)"" (HH:mm:ss)","Cumulative time in ""1. Prospect (Partnerships)"" (HH:mm:ss)","Cumulative time in ""2. Appointment scheduled (Partnerships)"" (HH:mm:ss)","Cumulative time in ""2. Exp Perf Reached (Expansion)"" (HH:mm:ss)","Cumulative time in ""2. In Consideration (SS Pipeline)"" (HH:mm:ss)","Cumulative time in ""2. Qualified (Sales Pipeline)"" (HH:mm:ss)","Cumulative time in ""3. Agreement Sent (SS Pipeline)"" (HH:mm:ss)","Cumulative time in ""3. Discovery & Assessment (Partnerships)"" (HH:mm:ss)","Cumulative time in ""3. Discovery & Demo (Sales Pipeline)"" (HH:mm:ss)","Cumulative time in ""3. Exp Meet Scheduled (Expansion)"" (HH:mm:ss)","Cumulative time in ""4. Demo (Partnerships)"" (HH:mm:ss)","Cumulative time in ""4. Exp Plan Underway (Expansion)"" (HH:mm:ss)","Cumulative time in ""4. Signed Agreement (SS Pipeline)"" (HH:mm:ss)","Cumulative time in ""5. Completed Stripe (SS Pipeline)"" (HH:mm:ss)","Cumulative time in ""5. Exp Agreement sent (Expansion)"" (HH:mm:ss)","Cumulative time in ""5. Negotiation (Sales Pipeline)"" (HH:mm:ss)","Cumulative time in ""5. Trial Period (Partnerships)"" (HH:mm:ss)","Cumulative time in ""6. Closed won (Expansion)"" (HH:mm:ss)","Cumulative time in ""6. Negotiation (Partnerships)"" (HH:mm:ss)","Cumulative time in ""6. Sent Final Agmnt (Sales Pipeline)"" (HH:mm:ss)","Cumulative time in ""6. Submitted Store Info (SS Pipeline)"" (HH:mm:ss)","Cumulative time in ""7. Closed lost (Expansion)"" (HH:mm:ss)","Cumulative time in ""7. Closed Won (SS Pipeline)"" (HH:mm:ss)","Cumulative time in ""7. Contract sent (Partnerships)"" (HH:mm:ss)","Cumulative time in ""7. CW - Trial (Sales Pipeline)"" (HH:mm:ss)","Cumulative time in ""8. Closed won (Partnerships)"" (HH:mm:ss)","Cumulative time in ""8. Closed Won (Sales Pipeline)"" (HH:mm:ss)","Cumulative time in ""9. Closed lost (Partnerships)"" (HH:mm:ss)","Cumulative time in ""9. Closed lost (Sales Pipeline)"" (HH:mm:ss)","Cumulative time in ""Awaiting Sales Info (Onboarding)"" (HH:mm:ss)","Cumulative time in ""Closed Lost (SS Pipeline)"" (HH:mm:ss)","Cumulative time in ""Contract Signed (Onboarding)"" (HH:mm:ss)","Cumulative time in ""CW - Churned (Sales Pipeline)"" (HH:mm:ss)","Cumulative time in ""In SSO (Sales Pipeline)"" (HH:mm:ss)","Cumulative time in ""Launched (Onboarding)"" (HH:mm:ss)","Cumulative time in ""Nurture (Partnerships)"" (HH:mm:ss)","Cumulative time in ""Nurture (Sales Pipeline)"" (HH:mm:ss)","Cumulative time in ""Onboarding Failed (Onboarding)"" (HH:mm:ss)","Cumulative time in ""Onboarding Paused (Onboarding)"" (HH:mm:ss)","Cumulative time in ""Pending Launch (Onboarding)"" (HH:mm:ss)","Cumulative time in ""Ready for Onboarding (Onboarding)"" (HH:mm:ss)","Cumulative time in ""Required Data Collection (Onboarding)"" (HH:mm:ss)","Cumulative time in ""Store Setup Complete/QA (Onboarding)"" (HH:mm:ss)","Date entered ""1. Active Pipe Lead (Sales Pipeline)""","Date entered ""1. Exp Target ID (Expansion)""","Date entered ""1. Inbound Received (SS Pipeline)""","Date entered ""1. Prospect (Partnerships)""","Date entered ""2. Appointment scheduled (Partnerships)""","Date entered ""2. Exp Perf Reached (Expansion)""","Date entered ""2. In Consideration (SS Pipeline)""","Date entered ""2. Qualified (Sales Pipeline)""","Date entered ""3. Agreement Sent (SS Pipeline)""","Date entered ""3. Discovery & Assessment (Partnerships)""","Date entered ""3. Discovery & Demo (Sales Pipeline)""","Date entered ""3. Exp Meet Scheduled (Expansion)""","Date entered ""4. Demo (Partnerships)""","Date entered ""4. Exp Plan Underway (Expansion)""","Date entered ""4. Signed Agreement (SS Pipeline)""","Date entered ""5. Completed Stripe (SS Pipeline)""","Date entered ""5. Exp Agreement sent (Expansion)""","Date entered ""5. Negotiation (Sales Pipeline)""","Date entered ""5. Trial Period (Partnerships)""","Date entered ""6. Closed won (Expansion)""","Date entered ""6. Negotiation (Partnerships)""","Date entered ""6. Sent Final Agmnt (Sales Pipeline)""","Date entered ""6. Submitted Store Info (SS Pipeline)""","Date entered ""7. Closed lost (Expansion)""","Date entered ""7. Closed Won (SS Pipeline)""","Date entered ""7. Contract sent (Partnerships)""","Date entered ""7. CW - Trial (Sales Pipeline)""","Date entered ""8. Closed won (Partnerships)""","Date entered ""8. Closed Won (Sales Pipeline)""","Date entered ""9. Closed lost (Partnerships)""","Date entered ""9. Closed lost (Sales Pipeline)""","Date entered ""Awaiting Sales Info (Onboarding)""","Date entered ""Closed Lost (SS Pipeline)""","Date entered ""Contract Signed (Onboarding)""","Date entered ""CW - Churned (Sales Pipeline)""","Date entered ""In SSO (Sales Pipeline)""","Date entered ""Launched (Onboarding)""","Date entered ""Nurture (Partnerships)""","Date entered ""Nurture (Sales Pipeline)""","Date entered ""Onboarding Failed (Onboarding)""","Date entered ""Onboarding Paused (Onboarding)""","Date entered ""Pending Launch (Onboarding)""","Date entered ""Ready for Onboarding (Onboarding)""","Date entered ""Required Data Collection (Onboarding)""","Date entered ""Store Setup Complete/QA (Onboarding)""","Date entered current stage","Date exited ""1. Active Pipe Lead (Sales Pipeline)""","Date exited ""1. Exp Target ID (Expansion)""","Date exited ""1. Inbound Received (SS Pipeline)""","Date exited ""1. Prospect (Partnerships)""","Date exited ""2. Appointment scheduled (Partnerships)""","Date exited ""2. Exp Perf Reached (Expansion)""","Date exited ""2. In Consideration (SS Pipeline)""","Date exited ""2. Qualified (Sales Pipeline)""","Date exited ""3. Agreement Sent (SS Pipeline)""","Date exited ""3. Discovery & Assessment (Partnerships)""","Date exited ""3. Discovery & Demo (Sales Pipeline)""","Date exited ""3. Exp Meet Scheduled (Expansion)""","Date exited ""4. Demo (Partnerships)""","Date exited ""4. Exp Plan Underway (Expansion)""","Date exited ""4. Signed Agreement (SS Pipeline)""","Date exited ""5. Completed Stripe (SS Pipeline)""","Date exited ""5. Exp Agreement sent (Expansion)""","Date exited ""5. Negotiation (Sales Pipeline)""","Date exited ""5. Trial Period (Partnerships)""","Date exited ""6. Closed won (Expansion)""","Date exited ""6. Negotiation (Partnerships)""","Date exited ""6. Sent Final Agmnt (Sales Pipeline)""","Date exited ""6. Submitted Store Info (SS Pipeline)""","Date exited ""7. Closed lost (Expansion)""","Date exited ""7. Closed Won (SS Pipeline)""","Date exited ""7. Contract sent (Partnerships)""","Date exited ""7. CW - Trial (Sales Pipeline)""","Date exited ""8. Closed won (Partnerships)""","Date exited ""8. Closed Won (Sales Pipeline)""","Date exited ""9. Closed lost (Partnerships)""","Date exited ""9. Closed lost (Sales Pipeline)""","Date exited ""Awaiting Sales Info (Onboarding)""","Date exited ""Closed Lost (SS Pipeline)""","Date exited ""Contract Signed (Onboarding)""","Date exited ""CW - Churned (Sales Pipeline)""","Date exited ""In SSO (Sales Pipeline)""","Date exited ""Launched (Onboarding)""","Date exited ""Nurture (Partnerships)""","Date exited ""Nurture (Sales Pipeline)""","Date exited ""Onboarding Failed (Onboarding)""","Date exited ""Onboarding Paused (Onboarding)""","Date exited ""Pending Launch (Onboarding)""","Date exited ""Store Setup Complete/QA (Onboarding)""","Date exited ""Required Data Collection (Onboarding)""","Date exited ""Ready for Onboarding (Onboarding)""","Time in current stage (HH:mm:ss)","Latest time in ""Store Setup Complete/QA (Onboarding)"" (HH:mm:ss)","Latest time in ""Required Data Collection (Onboarding)"" (HH:mm:ss)","Latest time in ""Ready for Onboarding (Onboarding)"" (HH:mm:ss)","Latest time in ""Pending Launch (Onboarding)"" (HH:mm:ss)","Latest time in ""Onboarding Paused (Onboarding)"" (HH:mm:ss)","Latest time in ""Onboarding Failed (Onboarding)"" (HH:mm:ss)","Latest time in ""Nurture (Sales Pipeline)"" (HH:mm:ss)","Latest time in ""Nurture (Partnerships)"" (HH:mm:ss)","Latest time in ""Launched (Onboarding)"" (HH:mm:ss)","Latest time in ""In SSO (Sales Pipeline)"" (HH:mm:ss)","Latest time in ""CW - Churned (Sales Pipeline)"" (HH:mm:ss)","Latest time in ""Contract Signed (Onboarding)"" (HH:mm:ss)","Latest time in ""Closed Lost (SS Pipeline)"" (HH:mm:ss)","Latest time in ""Awaiting Sales Info (Onboarding)"" (HH:mm:ss)","Latest time in ""9. Closed lost (Sales Pipeline)"" (HH:mm:ss)","Latest time in ""9. Closed lost (Partnerships)"" (HH:mm:ss)","Latest time in ""8. Closed Won (Sales Pipeline)"" (HH:mm:ss)","Latest time in ""8. Closed won (Partnerships)"" (HH:mm:ss)","Latest time in ""7. CW - Trial (Sales Pipeline)"" (HH:mm:ss)","Latest time in ""7. Contract sent (Partnerships)"" (HH:mm:ss)","Latest time in ""7. Closed Won (SS Pipeline)"" (HH:mm:ss)","Latest time in ""7. Closed lost (Expansion)"" (HH:mm:ss)","Latest time in ""6. Submitted Store Info (SS Pipeline)"" (HH:mm:ss)","Latest time in ""6. Sent Final Agmnt (Sales Pipeline)"" (HH:mm:ss)","Latest time in ""6. Negotiation (Partnerships)"" (HH:mm:ss)","Latest time in ""6. Closed won (Expansion)"" (HH:mm:ss)","Latest time in ""5. Trial Period (Partnerships)"" (HH:mm:ss)","Latest time in ""5. Negotiation (Sales Pipeline)"" (HH:mm:ss)","Latest time in ""5. Exp Agreement sent (Expansion)"" (HH:mm:ss)","Latest time in ""5. Completed Stripe (SS Pipeline)"" (HH:mm:ss)","Latest time in ""4. Signed Agreement (SS Pipeline)"" (HH:mm:ss)","Latest time in ""4. Exp Plan Underway (Expansion)"" (HH:mm:ss)","Latest time in ""4. Demo (Partnerships)"" (HH:mm:ss)","Latest time in ""3. Exp Meet Scheduled (Expansion)"" (HH:mm:ss)","Latest time in ""3. Discovery & Demo (Sales Pipeline)"" (HH:mm:ss)","Latest time in ""3. Discovery & Assessment (Partnerships)"" (HH:mm:ss)","Latest time in ""3. Agreement Sent (SS Pipeline)"" (HH:mm:ss)","Latest time in ""2. Qualified (Sales Pipeline)"" (HH:mm:ss)","Latest time in ""2. In Consideration (SS Pipeline)"" (HH:mm:ss)","Latest time in ""2. Exp Perf Reached (Expansion)"" (HH:mm:ss)","Latest time in ""2. Appointment scheduled (Partnerships)"" (HH:mm:ss)","Latest time in ""1. Prospect (Partnerships)"" (HH:mm:ss)","Latest time in ""1. Inbound Received (SS Pipeline)"" (HH:mm:ss)","Latest time in ""1. Exp Target ID (Expansion)"" (HH:mm:ss)","Latest time in ""1. Active Pipe Lead (Sales Pipeline)"" (HH:mm:ss)"
"15690751338","EG America - PRIMARY","1703.0","Hot","9. Closed lost","Top 200 Target","","RFP
","2025-04-01","65.0","1703.0","202.0","Justin Jackson (Deactivated User)","Named Account","2024-07-17 07:07","2856:28:38","","","","","","","4463:55:04","","","501:01:56","","","","","","","1563:41:52","","","","","","","","","","","","","","","","","","","","","2419:10:00","","","","","","","2024-04-29 06:53","","","","","","","2024-08-26 07:20","","","2023-10-18 14:08","","","","","","","2025-02-28 06:15","","","","","","","","","","","","","2025-04-03 11:11","","","","","","","","2024-01-19 10:43","","","","","","","2025-04-03 11:11","2024-08-26 07:20","","","","","","","2025-02-28 06:15","","","2023-11-08 10:10","","","","","","","2025-04-03 11:11","","","","","","","","","","","","","","","","","","","","","2024-04-29 06:53","","","","","","","9022:44:38","","","","","","","2419:10:00","","","","","","","","","","","","","","","","","","","","","819:56:09","","","","","","","501:01:56","","","4463:55:04","","","","","","","2856:26:43"
"34182858620","GPM Investments LLC - PRIMARY","1404.0","Cold","1. Active Pipe Lead","Event/Show - (Non CM)","CRU25","Get Meeting","2025-03-07","","1404.0","1.0","Steve Siegel","New Business","2025-02-25 07:13","","","","","","","","","","","","","","","","","","","","","","","","","","","","","","","","","","","","","","","","","","","","","","2025-03-03 07:13","","","","","","","","","","","","","","","","","","","","","","","","","","","","","","","","","","","","","","","","","","","","","2025-03-03 07:13","","","","","","","","","","","","","","","","","","","","","","","","","","","","","","","","","","","","","","","","","","","","","","9769:42:39","","","","","","","","","","","","","","","","","","","","","","","","","","","","","","","","","","","","","","","","","","","","",""
"34130758485","HF Sinclair - PRIMARY","1400.0","Medium","2. Qualified","Top 200 Target","CRU25","RFP Par","2025-04-30","","1400.0","26.0","Steve Siegel","New Business","2025-02-28 06:51","","","","","","","","","","","6890:34:29","","","","","","","","","","","","","","","","","","","","","","","","","","","","","","","","","","","","","","","","","","2025-12-15 09:27","","","2025-03-03 06:52","","","","","","","","","","","","","","","","","","","","","","","","","","","","","","","","","","","2025-12-15 09:27","","","","","","","","","","","2025-12-15 09:27","","","","","","","","","","","","","","","","","","","","","","","","","","","","","","","","","","","2879:29:07","","","","","","","","","","","","","","","","","","","","","","","","","","","","","","","","","","","6890:34:29","","","","","","","","","",""
"17119238762","Quik Trip - PRIMARY","1041.0","Medium","2. Qualified","Referral - Industry","","Art follow up
","2024-11-22","75.0","1041.0","21.0","Steve Siegel","Named Account","2024-09-09 07:08","8997:59:06","","","","","","","","","","00:25:24","","","","","","","","","","","","","","","","","","","","","","","","","","","","4103:06:14","","","","","","","2024-09-23 06:32","","","","","","","2025-12-15 09:27","","","2025-12-15 09:01","","","","","","","","","","","","","","","","","","","","","","","","","","","","2025-03-03 07:26","","","","","","","2025-12-15 09:27","2025-03-03 07:26","","","","","","","","","","2025-12-15 09:27","","","","","","","","","","","","","","","","","","","","","","","","","","","","2025-08-21 07:33","","","","","","","2879:28:50","","","","","","","4103:06:14","","","","","","","","","","","","","","","","","","","","","","","","","","","","00:25:24","","","","","","","","","","3865:53:59"
"34182858073","RaceTrac - PRIMARY","550.0","Cold","Nurture","Top 200 Target","CRU25","RFP","2025-04-16","","","7.0","Justin Jackson (Deactivated User)","New Business","2025-02-26 07:05","","","","","","","","","","","4103:29:01","","","","","","","","","","","2115:07:33","","","","","","","","","671:48:27","","","","","","","","","","","","","","","","","","","","","","","","","2025-03-03 07:06","","","","","","","","","","","2025-08-21 07:35","","","","","","","","","2025-11-17 09:42","","","","","","","","2025-12-15 09:31","","","","","","","2025-12-15 09:31","","","","","","","","","","","2025-08-21 07:35","","","","","","","","","","","2025-11-17 09:42","","","","","","","","","2025-12-15 09:31","","","","","","","","","","","","","","","2879:24:42","","","","","","","","","","","","","","","671:48:27","","","","","","","","","2115:07:33","","","","","","","","","","","4103:29:01","","","","","","","","","",""
"34192340610","Houchens Industries - PRIMARY","408.0","Cold","Nurture","Event/Show - (Non CM)","","Get meeting","2025-04-03","","408.0","6.0","Steve Siegel","New Business","2025-03-03 11:44","9602:04:55","","","","","","","","","","","","","","","","","","","","","","","","","","","","","","","","","","","","","","","","","","","","","2025-03-03 11:45","","","","","","","","","","","","","","","","","","","","","","","","","","","","","","","","","","","","","","2026-04-07 14:50","","","","","","","2026-04-07 14:50","2026-04-07 14:50","","","","","","","","","","","","","","","","","","","","","","","","","","","","","","","","","","","","","","","","","","","","","163:06:03","","","","","","","","","","","","","","","","","","","","","","","","","","","","","","","","","","","","","","","","","","","","","9602:04:55"
"48476680858","Loves Travel Stop - PRIMARY","400.0","Medium","Nurture","Event/Show - (Non CM)","","Tommy Mtg","","","400.0","8.0","Steve Siegel","Strategic","2025-11-04 07:07","2596:41:12","","","","","","","","","","","","","","","","","","","","","","","","","","","","","","","","","","","","","","","","","","","","","2025-11-07 07:07","","","","","","","","","","","","","","","","","","","","","","","","","","","","","","","","","","","","","","2026-02-23 11:49","","","","","","","2026-02-23 11:49","2026-02-23 11:49","","","","","","","","","","","","","","","","","","","","","","","","","","","","","","","","","","","","","","","","","","","","","1197:07:01","","","","","","","","","","","","","","","","","","","","","","","","","","","","","","","","","","","","","","","","","","","","","2596:41:12"
"48536158788","Royal Farms 2025 - PRIMARY","313.0","Hot","5. Negotiation","Event/Show - (Non CM)","","Follow up","","19.0","313.0","68.0","Steve Siegel","Strategic","2025-10-07 06:47","","","","","","","","","","","3531:22:16","","","","","","","","","","","","","","","","","","","","","","","","","","","","","","","","","","","","","","","","","","","","","2025-11-07 06:47","","","","","","","2026-04-03 11:10","","","","","","","","","","","","","","","","","","","","","","","","","","","","2026-04-03 11:10","","","","","","","","","","","2026-04-03 11:10","","","","","","","","","","","","","","","","","","","","","","","","","","","","","","","","","","","262:46:00","","","","","","","","","","","","","","","","","","","","","","","","","","","","","","","","","","","3531:22:16","","","","","","","","","",""
"34182333040","Global Partners LP - PRIMARY","300.0","Medium","2. Qualified","Top 200 Target","CRU25","Mtg on 1.12","2025-03-07","","300.0","8.0","Steve Siegel","New Business","2025-02-26 06:58","7086:19:06","","","","","","","1750:01:09","","","00:05:04","","","","","","","","","","","","","","","","","","","","","","","","","","","","","","","","","","","2025-03-03 06:58","","","","","","","2026-03-06 11:24","","","2026-03-06 11:19","","","","","","","","","","","","","","","","","","","","","","","","","","","","","","","","","","","2026-03-06 11:24","2025-12-23 13:17","","","","","","","2026-03-06 11:19","","","2026-03-06 11:24","","","","","","","","","","","","","","","","","","","","","","","","","","","","","","","","","","","933:32:03","","","","","","","","","","","","","","","","","","","","","","","","","","","","","","","","","","","00:05:04","","","1750:01:09","","","","","","","7086:19:06"
"17119239767","Refuel - PRIMARY","227.0","Medium","2. Qualified","Inbound Form","","Re-engage","","85.0","227.0","17.0","Steve Siegel","New Business","2024-01-23 13:36","2016:11:06","","","","","","","","","","5159:05:27","","","","","","","","","","","","","","","","","","","","","","","","","","","","9428:34:07","","","","","","","2024-01-23 13:36","","","","","","","2025-12-15 09:27","","","2025-05-14 11:21","","","","","","","","","","","","","","","","","","","","","","","","","","","","2024-04-16 14:47","","","","","","","2025-12-15 09:27","2024-04-16 14:47","","","","","","","","","","2025-12-15 09:27","","","","","","","","","","","","","","","","","","","","","","","","","","","","2025-05-14 11:21","","","","","","","2879:28:41","","","","","","","9428:34:07","","","","","","","","","","","","","","","","","","","","","","","","","","","","5159:05:27","","","","","","","","","","2016:11:06"
"23143641752","Canco Petroleum - PRIMARY","220.0","Cold","Nurture","Event/Show - Core-Mark","NACS24","Schedule Meeting","2025-05-14","85.0","220.0","2.0","Steve Siegel","New Business","2024-10-10 16:44","11279:06:48","","","","","","","","","","","","","","","","","","","","","","","","","","","","","","","","","","","","","","","","","","","","","2024-10-10 16:45","","","","","","","","","","","","","","","","","","","","","","","","","","","","","","","","","","","","","","2026-01-23 14:51","","","","","","","2026-01-23 14:51","2026-01-23 14:51","","","","","","","","","","","","","","","","","","","","","","","","","","","","","","","","","","","","","","","","","","","","","1938:04:12","","","","","","","","","","","","","","","","","","","","","","","","","","","","","","","","","","","","","","","","","","","","","11279:06:48"
"16007280010","Yesway - PRIMARY","215.0","Medium","1. Active Pipe Lead","Referral - Other (notes)","","AG: Test stores?","","85.0","428.0","48.0","Steve Siegel","Named Account","2023-11-10 16:37","7058:54:20","","","","","","","","","","","","","","","","","","","","","","","","","","","","","","","","","","","","","","1770:58:38","","","","","","","2025-09-29 10:08","","","","","","","","","","","","","","","","","","","","","","","","","","","","","","","","","","","","","","2024-07-18 15:48","","","","","","","2025-09-29 10:08","2024-11-12 14:33","","","","","","","","","","","","","","","","","","","","","","","","","","","","","","","","","","","","","","2024-09-30 10:47","","","","","","","4727:47:22","","","","","","","1770:58:38","","","","","","","","","","","","","","","","","","","","","","","","","","","","","","","","","","","","","","1036:45:55"
"48476680963","G&M Oil - PRIMARY","200.0","Medium","2. Qualified","Event/Show - (Non CM)","","Store list eval","","","200.0","20.0","Steve Siegel","Strategic","2025-11-04 07:09","914:19:39","","","","","","","","","","","","","","","","","","","","","","","","","","","","","","","","","","","","","","","","","","","","","2025-11-07 07:10","","","","","","","2025-12-15 09:29","","","","","","","","","","","","","","","","","","","","","","","","","","","","","","","","","","","","","","2025-12-15 09:29","2025-12-15 09:29","","","","","","","","","","","","","","","","","","","","","","","","","","","","","","","","","","","","","","","","","","","","","2879:26:28","","","","","","","","","","","","","","","","","","","","","","","","","","","","","","","","","","","","","","","","","","","","","914:19:39"
"23221932941","Nouria Energy Corp. - PRIMARY","183.0","Medium","2. Qualified","Top 200 Target","","Re-engage","2025-04-30","85.0","183.0","8.0","Steve Siegel","New Business","2024-10-10 06:23","697:28:26","","","","","","","","","","722:58:24","","","","","","","","","","","","","","","","","","","","","","","","","","","","","","","","","","","2024-10-14 06:23","","","","","","","2026-01-14 12:00","","","2025-12-15 09:01","","","","","","","","","","","","","","","","","","","","","","","","","","","","","","","","","","","2026-01-14 12:00","2024-11-12 06:52","","","","","","","","","","2026-01-14 12:00","","","","","","","","","","","","","","","","","","","","","","","","","","","","","","","","","","","2156:55:54","","","","","","","","","","","","","","","","","","","","","","","","","","","","","","","","","","","722:58:24","","","","","","","","","","697:28:26"
"28969934200","Terrible's - PRIMARY","180.0","Cold","1. Active Pipe Lead","Event/Show - Core-Mark","NACS24","JJ: Timing follow up","2025-04-30","85.0","180.0","27.0","Steve Siegel","New Business","2024-01-23 13:31","783:38:08","","","","","","","941:58:08","","","00:25:44","","","","","","","","","","","","","","","","","","","","","","","","","","","","1028:43:54","","","","","","","2026-01-23 15:25","","","","","","","2025-12-15 09:27","","","2025-12-15 09:01","","","","","","","","","","","","","","","","","","","","","","","","","","","","2024-09-30 10:46","","","","","","","2026-01-23 15:25","2024-11-12 06:52","","","","","","","2026-01-23 15:25","","","2025-12-15 09:27","","","","","","","","","","","","","","","","","","","","","","","","","","","","2024-11-12 06:30","","","","","","","1937:30:29","","","","","","","1028:43:54","","","","","","","","","","","","","","","","","","","","","","","","","","","","00:25:44","","","941:58:08","","","","","","","783:38:08"
"48476680712","Tri Star Energy/Twice Daily - PRIMARY","125.0","Medium","3. Discovery & Demo","Event/Show - (Non CM)","","Meet Eric, Dir of Loyalty","","","125.0","43.0","Steve Siegel","New Business","2025-11-05 06:53","339:09:56","","","","","","","2521:11:09","","","","","","","","","","","","","","","","","","","","","","","","","","","","","","","","","","","","","","2025-11-07 06:54","","","","","","","2025-11-21 10:04","","","2026-03-06 11:15","","","","","","","","","","","","","","","","","","","","","","","","","","","","","","","","","","","2026-03-06 11:15","2025-11-21 10:04","","","","","","","2026-03-06 11:15","","","","","","","","","","","","","","","","","","","","","","","","","","","","","","","","","","","","","","933:40:53","","","","","","","","","","","","","","","","","","","","","","","","","","","","","","","","","","","","","","2521:11:09","","","","","","","339:09:56"
"34182859380","Huck's Convenience  - PRIMARY","118.0","Cold","Nurture","Event/Show - (Non CM)","CRU25","Demo","2025-04-16","","118.0","3.0","Steve Siegel","New Business","2025-02-25 07:22","7085:49:21","","","","","","","","","","","","","","","","","","","","","","","","","","","","","","","","","","","","","","","","","","","","","2025-03-03 07:22","","","","","","","","","","","","","","","","","","","","","","","","","","","","","","","","","","","","","","2025-12-23 13:11","","","","","","","2025-12-23 13:11","2025-12-23 13:11","","","","","","","","","","","","","","","","","","","","","","","","","","","","","","","","","","","","","","","","","","","","","2683:44:12","","","","","","","","","","","","","","","","","","","","","","","","","","","","","","","","","","","","","","","","","","","","","7085:49:21"
"34035680333","Little General Stores Inc. - PRIMARY","115.0","Cold","Nurture","Referral - Other (notes)","","Schedule demo (PDI)","2025-04-16","","115.0","18.0","Steve Siegel","New Business","2025-02-26 11:37","7703:21:48","","","","","","","","","","","","","","","","","","","","","","","","","","","","","","","","","","","","","","","","","","","","","2025-02-27 11:37","","","","","","","","","","","","","","","","","","","","","","","","","","","","","","","","","","","","","","2026-01-14 10:59","","","","","","","2026-01-14 10:59","2026-01-14 10:59","","","","","","","","","","","","","","","","","","","","","","","","","","","","","","","","","","","","","","","","","","","","","2157:56:51","","","","","","","","","","","","","","","","","","","","","","","","","","","","","","","","","","","","","","","","","","","","","7703:21:48"
"48535535946","Parker's - PRIMARY","110.0","Medium","Nurture","Event/Show - (Non CM)","","Generate interest","","","110.0","4.0","Steve Siegel","Strategic","2025-11-04 07:05","1635:45:21","","","","","","","","","","","","","","","","","","","","","","","","","","","","","","","","","","","","","","","","","","","","","2025-11-07 07:06","","","","","","","","","","","","","","","","","","","","","","","","","","","","","","","","","","","","","","2026-01-14 10:51","","","","","","","2026-01-14 10:51","2026-01-14 10:51","","","","","","","","","","","","","","","","","","","","","","","","","","","","","","","","","","","","","","","","","","","","","2158:04:36","","","","","","","","","","","","","","","","","","","","","","","","","","","","","","","","","","","","","","","","","","","","","1635:45:21"
"34182858303","Weigels - PRIMARY","84.0","Cold","Nurture","Event/Show - (Non CM)","","Demo","2025-04-02","","84.0","1.0","Adit Gupta","New Business","2025-03-03 07:08","7831:41:58","","","","","","","","","","","","","","","","","","","","","","","","","","","","","","","","","","","","","","","","","","","","","2025-03-03 07:09","","","","","","","","","","","","","","","","","","","","","","","","","","","","","","","","","","","","","","2026-01-23 14:51","","","","","","","2026-01-23 14:51","2026-01-23 14:51","","","","","","","","","","","","","","","","","","","","","","","","","","","","","","","","","","","","","","","","","","","","","1938:04:57","","","","","","","","","","","","","","","","","","","","","","","","","","","","","","","","","","","","","","","","","","","","","7831:41:58"
"29772667997","Atlantis Fresh 1P - Primary","82.0","Hot","8. Closed Won","Top 200 Target","","Launch 3P in full by EO Feb","2025-04-16","12.0","82.0","923.0","Justin Jackson (Deactivated User)","New Business","2024-11-26 10:41","","","","","","","","","","","","","","","","","","","","","","4948:36:50","","","","","","","","","","","","","","","","","","","","","","","","","","","","","","","","","","","","","","","","","","","","","2025-02-28 06:11","","","","","","","2025-09-22 11:48","","","","","","","","","","","","","","","","","2025-09-22 11:48","","","","","","","","","","","","","","","","","","","","","","2025-09-22 11:48","","","","","","","","","","","","","","","","","","","","","","","","4894:07:56","","","","","","","","","","","","","","","","","","","","","","","","4948:36:50","","","","","","","","","","","","","","","","","","","","",""
"59086932552","Majors Management - PRIMARY (post pilot) 80 stores","80.0","Medium","2. Qualified","Event/Show - (Non CM)","","billy to get back on pricing","","","252.0","0.0","Steve Siegel","New Business","2026-03-11 15:44","","","","","","","","","","","","","","","","","","","","","","","","","","","","","","","","","","","","","","","","","","","","","","","","","","","","","2026-04-10 15:44","","","","","","","","","","","","","","","","","","","","","","","","","","","","","","","","","","","","","","2026-04-10 15:44","","","","","","","","","","","","","","","","","","","","","","","","","","","","","","","","","","","","","","","","","","","","","","90:11:08","","","","","","","","","","","","","","","","","","","","","","","","","","","","","","","","","","","","","","","","","","","","",""
"18576442799","Chestnut Market - PRIMARY","75.0","Hot","8. Closed Won","Referral - Other (notes)","CRU25","Get Agreement Signed ","2025-03-31","85.0","75.0","76.0","Adit Gupta","Named Account","2024-04-11 13:43","7818:49:24","","","","","","","","","","6218:06:24","","","","","","","07:10:28","","","","383:42:19","","","","","","","","","","","","","","","","","","","","","","","","2024-04-11 13:44","","","","","","","","","","2025-03-03 07:34","","","","","","","2025-11-17 09:40","","","","2025-11-17 16:50","","","","","","","2025-12-03 16:33","","","","","","","","","","","","","","","","","2025-12-03 16:33","2025-03-03 07:34","","","","","","","","","","2025-11-17 09:40","","","","","","","2025-11-17 16:50","","","","2025-12-03 16:33","","","","","","","","","","","","","","","","","","","","","","","","3160:22:55","","","","","","","","","","","","","","","","","","","","","","","","383:42:19","","","","07:10:28","","","","","","","6218:06:24","","","","","","","","","","7818:49:24"
"23131398427","Big Apple Stores - PRIMARY","72.0","Cold","Nurture","Event/Show - Core-Mark","","Set meeting","2025-05-14","85.0","73.0","5.0","Steve Siegel","New Business","2024-10-09 17:14","12019:46:58","","","","","","","","","","","","","","","","","","","","","","","","","","","","","","","","","","","","","","","","","","","","","2024-10-10 17:14","","","","","","","","","","","","","","","","","","","","","","","","","","","","","","","","","","","","","","2026-02-23 12:01","","","","","","","2026-02-23 12:01","2026-02-23 12:01","","","","","","","","","","","","","","","","","","","","","","","","","","","","","","","","","","","","","","","","","","","","","1196:54:22","","","","","","","","","","","","","","","","","","","","","","","","","","","","","","","","","","","","","","","","","","","","","12019:46:58"
"34182858928","MerleBoes / MB Markets - PRIMARY","71.0","Cold","Nurture","Event/Show - (Non CM)","CRU25","Get Meeting","2025-05-01","","37.0","5.0","Steve Siegel","New Business","2025-02-25 07:17","7831:33:48","","","","","","","","","","","","","","","","","","","","","","","","","","","","","","","","","","","","","","","","","","","","","2025-03-03 07:17","","","","","","","","","","","","","","","","","","","","","","","","","","","","","","","","","","","","","","2026-01-23 14:51","","","","","","","2026-01-23 14:51","2026-01-23 14:51","","","","","","","","","","","","","","","","","","","","","","","","","","","","","","","","","","","","","","","","","","","","","1938:04:45","","","","","","","","","","","","","","","","","","","","","","","","","","","","","","","","","","","","","","","","","","","","","7831:33:48"
"48473796706","Gate Petroleum Co. - PRIMARY","62.0","Medium","3. Discovery & Demo","","","Get meeting","","","71.0","34.0","Steve Siegel","Strategic","2025-11-04 07:38","913:50:53","","","","","","","1945:47:39","","","","","","","","","","","","","","","","","","","","","","","","","","","","","","","","","","","","","","2025-11-07 07:38","","","","","","","2025-12-15 09:29","","","2026-03-06 11:16","","","","","","","","","","","","","","","","","","","","","","","","","","","","","","","","","","","2026-03-06 11:16","2025-12-15 09:29","","","","","","","2026-03-06 11:16","","","","","","","","","","","","","","","","","","","","","","","","","","","","","","","","","","","","","","933:39:19","","","","","","","","","","","","","","","","","","","","","","","","","","","","","","","","","","","","","","1945:47:39","","","","","","","913:50:53"
"44788984358","MFA Oil Co./Break Time - PRIMARY","60.0","Hot","8. Closed Won","","","Get Agreement Signed ","","85.0","60.0","52.0","Adit Gupta","New Business","2025-09-01 10:10","","","","","","","","","","","","","","","","","","07:09:39","","","","89:03:03","","","","","","","","","","","","","","","","","","","","","","","","","","","","","","","","","","","","","","","","","2025-11-17 09:41","","","","2025-11-17 16:50","","","","","","","2025-11-21 09:53","","","","","","","","","","","","","","","","","2025-11-21 09:53","","","","","","","","","","","","","","","","","","2025-11-17 16:50","","","","2025-11-21 09:53","","","","","","","","","","","","","","","","","","","","","","","","3455:02:22","","","","","","","","","","","","","","","","","","","","","","","","89:03:03","","","","07:09:39","","","","","","","","","","","","","","","","",""
"47879891081","Petroleum Marketing Group - PRIMARY","53.0","Medium","3. Discovery & Demo","Event/Show - (Non CM)","","January map analysis","","55.0","","41.0","Steve Siegel","New Business","2025-10-14 09:57","","","","","","","","","","","1542:20:46","","","","","","","482:15:49","","","","","","","","","","","","","","","","","","","","","","","","","","","","","","","","","","","","","","2026-02-23 11:08","","","","","","","2026-02-03 08:52","","","","","","","","","","","","","","","","","","","","","","","","","","","","2026-02-23 11:08","","","","","","","","","","","2026-02-03 08:52","","","","","","","2026-02-23 11:08","","","","","","","","","","","","","","","","","","","","","","","","","","","","1197:47:24","","","","","","","","","","","","","","","","","","","","","","","","","","","","482:15:49","","","","","","","1199:51:22","","","","","","","","","",""
"22568910488","Circle K Corp - Pilot of 50 stores (VF only)","50.0","Medium","3. Discovery & Demo","Top 200 Target","","Meet with Kim and tanner","2025-06-25","0.0","7000.0","369.0","Steve Siegel","Strategic","2024-12-10 20:41","","","","","","","","2434:13:47","","","10731:31:08","","","","","","","","","","","","","","","","","","","","","","","","","","","","","","","","","","","","","","","","","","2025-12-15 09:27","","","2026-03-26 20:41","","","","","","","","","","","","","","","","","","","","","","","","","","","","","","","","","","","2026-03-26 20:41","","","","","","","","2026-03-26 20:41","","","2025-12-15 09:27","","","","","","","","","","","","","","","","","","","","","","","","","","","","","","","","","","","445:15:07","","","","","","","","","","","","","","","","","","","","","","","","","","","","","","","","","","","10731:31:08","","","2434:13:47","","","","","","",""
"28632228258","TXB - PRIMARY","50.0","Medium","1. Active Pipe Lead","Event/Show - (Non CM)","CRU25","CStore tech f/u","2025-07-16","85.0","51.0","45.0","Steve Siegel","New Business","2024-11-01 14:37","","","","","","","","","","","","","","","","","","","","","","","","","","","","","","","","","","","","","","","","","","","","","","2024-11-01 14:38","","","","","","","","","","","","","","","","","","","","","","","","","","","","","","","","","","","","","","","","","","","","","2024-11-01 14:38","","","","","","","","","","","","","","","","","","","","","","","","","","","","","","","","","","","","","","","","","","","","","","12691:18:01","","","","","","","","","","","","","","","","","","","","","","","","","","","","","","","","","","","","","","","","","","","","",""
"22905896603","NSR Petro - PRIMARY","50.0","Cold","Nurture","Top 200 Target","","Email follow up","2025-05-21","85.0","50.0","5.0","Steve Siegel","New Business","2024-10-03 16:27","11227:54:10","","","","","","","","","","","","","","","","","","","","","","","","","","","","","","","","","","","","","","","","","","","","","2024-10-03 16:27","","","","","","","","","","","","","","","","","","","","","","","","","","","","","","","","","","","","","","2026-01-14 11:21","","","","","","","2026-01-14 11:21","2026-01-14 11:21","","","","","","","","","","","","","","","","","","","","","","","","","","","","","","","","","","","","","","","","","","","","","2157:34:37","","","","","","","","","","","","","","","","","","","","","","","","","","","","","","","","","","","","","","","","","","","","","11227:54:10"
"22111639363","Minuteman Food Mart - PRIMARY","50.0","Medium","8. Closed Won","Inbound Form","","Signature, ADD Integration","2025-05-30","85.0","50.0","90.0","Justin Jackson (Deactivated User)","New Business","2024-09-10 11:39","100:33:38","","","","","","","","","","","","","","","","","","","","","8824:04:51","","","","","","","","","","","","","","","","","","","","","","","","2024-09-10 11:39","","","","","","","","","","","","","","","","","","","","","2024-09-14 16:13","","","","","","","2025-09-17 08:17","","","","","","","","","","","","","","","","","2025-09-17 08:17","2024-09-14 16:13","","","","","","","","","","","","","","","","","","","","","2025-09-17 08:17","","","","","","","","","","","","","","","","","","","","","","","","5017:38:12","","","","","","","","","","","","","","","","","","","","","","","","8824:04:51","","","","","","","","","","","","","","","","","","","","","100:33:38"
"34182858819","Fischer's Neighborhood Markets - PRIMARY","45.0","Cold","Nurture","Event/Show - (Non CM)","CRU25","Set up time week of 4/21 onsite","2025-04-22","","45.0","32.0","Steve Siegel","New Business","2025-02-25 07:15","6437:44:39","","","","","","","381:58:48","","","00:25:10","","","","","","","","","","","","","","","","","","","","","","","","","","","","","","","","","","","2025-12-31 07:25","","","","","","","2025-12-15 09:26","","","2025-12-15 09:01","","","","","","","","","","","","","","","","","","","","","","","","","","","","2026-04-07 14:50","","","","","","","2026-04-07 14:50","2026-04-07 14:50","","","","","","","2025-12-31 07:25","","","2025-12-15 09:26","","","","","","","","","","","","","","","","","","","","","","","","","","","","","","","","","","","163:05:58","","","","","","","","","","","","","","","","","","","","","","","","","","","","","","","","","","","00:25:10","","","381:58:48","","","","","","","2334:24:34"
"30365178787","Onvo - PRIMARY","39.0","Cold","9. Closed lost","Referral - Core-Mark (Non Show)","CRU25","Book meeting intro","2025-05-31","","39.0","2.0","Justin Jackson (Deactivated User)","New Business","2024-12-13 15:04","8802:12:12","","","","","","","","","","","","","","","","","","","","","","","","","","","","","","","","","","","","","","","","","","","","","2024-12-13 15:04","","","","","","","","","","","","","","","","","","","","","","","","","","","","","","2025-12-15 09:17","","","","","","","","","","","","","","","2025-12-15 09:17","2025-12-15 09:17","","","","","","","","","","","","","","","","","","","","","","","","","","","","","","","","","","","","","","","","","","","","","2879:39:04","","","","","","","","","","","","","","","","","","","","","","","","","","","","","","","","","","","","","","","","","","","","","8802:12:12"
"35531721526","Lassus Bros. Oil - PRIMARY","35.0","Cold","Nurture","Top 200 Target","","re-engage","2025-05-08","","35.0","14.0","Steve Siegel","New Business","2025-05-31 10:59","869:40:10","","","","","","","215:49:38","","","6047:24:13","","","","","","","","","","","","","","","","","","","","","","","","","","","","","","","","","","","2025-12-24 09:13","","","","","","","2025-12-15 09:23","","","2025-04-07 10:59","","","","","","","","","","","","","","","","","","","","","","","","","","","","2026-01-29 14:53","","","","","","","2026-01-29 14:53","2026-01-29 14:53","","","","","","","2025-12-24 09:13","","","2025-12-15 09:23","","","","","","","","","","","","","","","","","","","","","","","","","","","","","","","","","","","1794:02:32","","","","","","","","","","","","","","","","","","","","","","","","","","","","","","","","","","","6047:24:13","","","215:49:38","","","","","","","869:40:10"
"48536160108","A3 Fuels - PRIMARY","30.0","Medium","Nurture","Event/Show - (Non CM)","","","","","30.0","1.0","Steve Siegel","New Business","2025-11-03 07:52","913:20:05","","","","","","","","","","","","","","","","","","","","","","","","","","","","","","","","","","","","","","","","","","","","","2025-11-07 07:52","","","","","","","","","","","","","","","","","","","","","","","","","","","","","","","","","","","","","","2025-12-15 09:12","","","","","","","2025-12-15 09:12","2025-12-15 09:12","","","","","","","","","","","","","","","","","","","","","","","","","","","","","","","","","","","","","","","","","","","","","2879:43:31","","","","","","","","","","","","","","","","","","","","","","","","","","","","","","","","","","","","","","","","","","","","","913:20:05"
"37879765171","Charge Up (tejaniholdings) - PRIMARY","30.0","Cold","Nurture","Referral - Core-Mark (Non Show)","Core-Mark","Sent Agreement, speak with Ops","","","30.0","16.0","Steve Siegel","New Business","2025-05-22 10:15","725:45:07","","","","","","","215:38:49","","","4920:11:07","","","","","","","","","","","","","","","","","","","","","","","","","","","","","","","","","","","2025-12-24 09:05","","","","","","","2025-12-15 09:26","","","2025-05-24 10:15","","","","","","","","","","","","","","","","","","","","","","","","","","","","2026-01-23 14:50","","","","","","","2026-01-23 14:50","2026-01-23 14:50","","","","","","","2025-12-24 09:05","","","2025-12-15 09:26","","","","","","","","","","","","","","","","","","","","","","","","","","","","","","","","","","","1938:05:14","","","","","","","","","","","","","","","","","","","","","","","","","","","","","","","","","","","4920:11:07","","","215:38:49","","","","","","","725:45:07"
"30157945431","Velocity stores llc - PRIMARY","30.0","Cold","1. Active Pipe Lead","Referral - Core-Mark (Non Show)","","Store list","2025-03-05","","10.0","8.0","Steve Siegel","New Business","2024-11-06 08:44","10539:16:49","","","","","","","","","","","","","","","","","","","","","","","","","","","","","","","","","","","","","","00:00:06","","","","","","","2026-02-23 12:02","","","","","","","","","","","","","","","","","","","","","","","","","","","","","","","","","","","","","","2026-02-23 12:01","","","","","","","2026-02-23 12:02","2026-02-23 12:01","","","","","","","","","","","","","","","","","","","","","","","","","","","","","","","","","","","","","","2026-02-23 12:02","","","","","","","1196:54:04","","","","","","","00:00:06","","","","","","","","","","","","","","","","","","","","","","","","","","","","","","","","","","","","","","10539:16:49"
"56279901465","Minnoco - PRIMARY","28.0","Medium","5. Negotiation","","","","","50.0","28.0","0.0","Steve Siegel","New Business","2026-02-02 16:46","","","","","","","","","","","1145:20:32","","","","","","","","","","","","","","","","","","","","","","","","","","","","","","","","","","","","","","","","","","","","","2026-02-14 16:47","","","","","","","2026-04-03 11:07","","","","","","","","","","","","","","","","","","","","","","","","","","","","2026-04-03 11:07","","","","","","","","","","","2026-04-03 11:07","","","","","","","","","","","","","","","","","","","","","","","","","","","","","","","","","","","262:48:14","","","","","","","","","","","","","","","","","","","","","","","","","","","","","","","","","","","1145:20:32","","","","","","","","","",""
"34759298893","Tucker Oil - PRIMARY","25.0","Cold","Nurture","Event/Show - (Non CM)","","Stefanie has gone cold","2025-04-03","85.0","25.0","6.0","Steve Siegel","New Business","2025-03-17 07:30","6747:03:53","","","","","","","","","","","","","","","","","","","","","","","","","","","","","","","","","","","","","","","","","","","","","2025-03-18 07:30","","","","","","","","","","","","","","","","","","","","","","","","","","","","","","","","","","","","","","2025-12-24 09:34","","","","","","","2025-12-24 09:34","2025-12-24 09:34","","","","","","","","","","","","","","","","","","","","","","","","","","","","","","","","","","","","","","","","","","","","","2663:21:24","","","","","","","","","","","","","","","","","","","","","","","","","","","","","","","","","","","","","","","","","","","","","6747:03:53"
"21816719389","Delta Sonic - PRIMARY","22.0","Medium","5. Negotiation","Referral - Core-Mark (Non Show)","","mtg in jasn","2025-04-30","45.0","30.0","121.0","Steve Siegel","New Business","2025-01-01 14:33","368:46:43","","","","","","","941:06:29","","","7895:45:35","","","","","","","4071:23:55","","","","","","","","","","","","","","","","","","","","","","","","","","","","2024-08-30 07:25","","","","","","","2025-12-15 09:27","","","2026-01-23 14:33","","","","","","","2026-03-06 11:28","","","","","","","","","","","","","","","","","","","","","","","","","","","","2026-03-06 11:28","2024-09-14 16:12","","","","","","","2026-01-23 14:33","","","2026-03-06 11:28","","","","","","","2025-03-03 06:36","","","","","","","","","","","","","","","","","","","","","","","","","","","","933:27:54","","","","","","","","","","","","","","","","","","","","","","","","","","","","4071:23:55","","","","","","","1004:54:21","","","941:06:29","","","","","","","368:46:43"
"37906022323","Mercaso - PRIMARY","20.0","Medium","8. Closed Won","Referral - Other (notes)","","Mercaso through Series B","","79.0","4000.0","9.0","Justin Jackson (Deactivated User)","New Business","2025-05-23 10:11","00:00:08","","","","","","","","","","2133:23:41","","","","","","","2122:15:01","","","","1920:04:00","","","","","","","","","","","","","","","","","","","","","","","","2025-05-24 10:12","","","","","","","","","","2025-05-24 10:12","","","","","","","2025-08-21 07:35","","","","2025-11-17 16:50","","","","","","","2026-02-05 16:54","","","","","","","","","","","","","","","","","2026-02-05 16:54","2025-05-24 10:12","","","","","","","","","","2025-08-21 07:35","","","","","","","2025-11-17 16:50","","","","2026-02-05 16:54","","","","","","","","","","","","","","","","","","","","","","","","1624:01:08","","","","","","","","","","","","","","","","","","","","","","","","1920:04:00","","","","2122:15:01","","","","","","","2133:23:41","","","","","","","","","","00:00:08"
"32983790215","Beck Suppliers - PRIMARY","20.0","Hot","9. Closed lost","Referral - Core-Mark (Non Show)","Core-Mark","11/3 re-interest CM","2025-04-01","85.0","31.0","25.0","Steve Siegel","New Business","2025-02-03 17:58","89:06:45","","","","","","","1681:47:56","","","00:25:24","","","","","","","","","","","","","","","","","","","","","","","","","","","","","","","","","","","2025-12-31 07:25","","","","","","","2025-12-31 07:38","","","2025-12-15 09:01","","","","","","","","","","","","","","","","","","","","2026-02-23 11:27","","","","","","","","","","","","","","","2026-02-23 11:27","2025-12-31 07:38","","","","","","","2026-02-23 11:27","","","2025-12-15 09:27","","","","","","","","","","","","","","","","","","","","","","","","","","","","","","","","","","","1197:28:26","","","","","","","","","","","","","","","","","","","","","","","","","","","","","","","","","","","00:25:24","","","1299:49:30","","","","","","","00:12:39"
"58686205043","Fleetway Market - PRIMARY","19.0","Medium","3. Discovery & Demo","","","","","","19.0","0.0","Adit Gupta","New Business","2026-03-12 11:40","","","","","","","","","","","","","","","","","","","","","","","","","","","","","","","","","","","","","","","","","","","","","","","","","","","","","","","","2026-04-03 11:41","","","","","","","","","","","","","","","","","","","","","","","","","","","","","","","","","","","2026-04-03 11:41","","","","","","","","","","","","","","","","","","","","","","","","","","","","","","","","","","","","","","","","","","","","","","262:15:06","","","","","","","","","","","","","","","","","","","","","","","","","","","","","","","","","","","","","","","","","","","","",""
"48474162240","Gaubert Oil - PRIMARY","18.0","Medium","2. Qualified","Event/Show - (Non CM)","","Meet in Dec w/Chris","","","18.0","18.0","Steve Siegel","Strategic","2026-02-28 06:51","914:37:06","","","","","","","","","","","","","","","","","","","","","","","","","","","","","","","","","","","","","","","","","","","","","2025-11-07 06:51","","","","","","","2025-12-15 09:28","","","","","","","","","","","","","","","","","","","","","","","","","","","","","","","","","","","","","","2025-12-15 09:28","2025-12-15 09:28","","","","","","","","","","","","","","","","","","","","","","","","","","","","","","","","","","","","","","","","","","","","","2879:27:11","","","","","","","","","","","","","","","","","","","","","","","","","","","","","","","","","","","","","","","","","","","","","914:37:06"
"10564857743","Volta Oil  - PRIMARY","17.0","Cold","Nurture","Referral - Core-Mark (Non Show)","","See text from Justin on 6/7, still interested, just finding the right timing","2025-04-30","85.0","17.0","123.0","Steve Siegel","Named Account","2024-01-01 10:12","11692:41:20","","","","","","","311:31:38","","","1533:04:10","","","","","","","1455:44:18","","","","","","","","","","","","","","","","","","","","","8779:05:20","","","","","","","2025-12-24 09:10","","","","","","","2025-12-15 09:30","","","2024-01-17 10:12","","","","","","","2024-02-01 23:32","","","","","","","","","","","","","","","","","","","","","2026-02-23 11:50","","","","","","","2026-02-23 11:50","2026-02-23 11:50","","","","","","","2025-12-24 09:10","","","2024-01-23 09:56","","","","","","","2024-04-02 16:16","","","","","","","","","","","","","","","","","","","","","2024-10-15 08:28","","","","","","","1197:05:32","","","","","","","2516:37:41","","","","","","","","","","","","","","","","","","","","","1455:44:18","","","","","","","143:44:21","","","215:40:34","","","","","","","1466:39:36"
"58686081624","Wilcox + Flegel - PRIMARY","16.0","Medium","3. Discovery & Demo","","","","","","16.0","0.0","Steve Siegel","New Business","2026-03-24 11:21","","","","","","","","","","","","","","","","","","","","","","","","","","","","","","","","","","","","","","","","","","","","","","","","","","","","","","","","2026-04-03 11:21","","","","","","","","","","","","","","","","","","","","","","","","","","","","","","","","","","","2026-04-03 11:21","","","","","","","","","","","","","","","","","","","","","","","","","","","","","","","","","","","","","","","","","","","","","","262:34:47","","","","","","","","","","","","","","","","","","","","","","","","","","","","","","","","","","","","","","","","","","","","",""
"48473796677","Valor Oil - PRIMARY","16.0","Medium","1. Active Pipe Lead","Event/Show - (Non CM)","","Set meet","","","16.0","15.0","Steve Siegel","New Business","2025-11-04 07:35","913:53:03","","","","","","","941:17:07","","","","","","","","","","","","","","","","","","","","","","","","","","","","","","","","","","","","","","2026-01-23 14:46","","","","","","","2025-12-15 09:29","","","","","","","","","","","","","","","","","","","","","","","","","","","","","","","","","","","","","","2026-01-23 14:46","2025-12-15 09:29","","","","","","","2026-01-23 14:46","","","","","","","","","","","","","","","","","","","","","","","","","","","","","","","","","","","","","","1938:09:38","","","","","","","","","","","","","","","","","","","","","","","","","","","","","","","","","","","","","","941:17:07","","","","","","","913:53:03"
"48536159842","EZ Market - PRIMARY","15.0","Hot","8. Closed Won","Event/Show - (Non CM)","","signature","","","15.0","36.0","Adit Gupta","Strategic","2025-11-04 07:40","","","","","","","","","","","","","","","","","","","","","","248:51:47","","","","","","","","","","","","","","","","","","","","","","","","","","","","","","","","","","","","","","","","","","","","","2025-11-07 07:40","","","","","","","2025-11-17 16:32","","","","","","","","","","","","","","","","","2025-11-17 16:32","","","","","","","","","","","","","","","","","","","","","","2025-11-17 16:32","","","","","","","","","","","","","","","","","","","","","","","","3544:23:23","","","","","","","","","","","","","","","","","","","","","","","","248:51:47","","","","","","","","","","","","","","","","","","","","",""
"48474042016","Fast Track Food & Fuel - PRIMARY","15.0","Hot","8. Closed Won","Event/Show - (Non CM)","","Sign","","","15.0","9.0","Adit Gupta","New Business","2025-11-04 07:34","","","","","","","","","","","","","","","","","","","","","","632:58:52","","","","","","","","","","","","","","","","","","","","","","","","","","","","","","","","","","","","","","","","","","","","","2025-11-07 07:34","","","","","","","2025-12-03 16:33","","","","","","","","","","","","","","","","","2025-12-03 16:33","","","","","","","","","","","","","","","","","","","","","","2025-12-03 16:33","","","","","","","","","","","","","","","","","","","","","","","","3160:22:27","","","","","","","","","","","","","","","","","","","","","","","","632:58:52","","","","","","","","","","","","","","","","","","","","",""
"30125606476","Yum Central - PRIMARY","15.0","Hot","1. Active Pipe Lead","","","site analysis","2025-04-30","85.0","15.0","45.0","Steve Siegel","New Business","2024-12-10 10:56","","","","","","","","1565:44:36","","","8113:23:20","","","","","","","1988:37:00","","","","","","","","","","","","","","","","","","","","","","","","","","","","2026-04-10 15:42","","","","","","","2026-03-06 11:25","","","2026-01-14 11:54","","","","","","","2024-12-10 10:57","","","","","","","","","","","","","","","","","","","","","","","","","","","","2026-04-10 15:42","","","","","","","","2026-04-10 15:42","","","2026-03-06 11:25","","","","","","","2025-03-03 07:34","","","","","","","","","","","","","","","","","","","","","","","","","","","","90:13:26","","","","","","","","","","","","","","","","","","","","","","","","","","","","1988:37:00","","","","","","","1223:30:55","","","843:17:12","","","","","","",""
"54421044992","Corrigan Oil Company - PRIMARY","11.0","Hot","8. Closed Won","Referral - Core-Mark (Non Show)","","signed","","55.0","11.0","2.0","Steve Siegel","New Business","2026-01-19 15:23","","","","","","","","142:29:33","","","697:50:46","","","","","","","197:14:16","","","","130:44:01","","","","","","","","","","","","","","","","","","","","","","","","","","","","","","","2026-01-23 15:24","","","2026-01-29 13:53","","","","","","","2026-02-27 15:44","","","","2026-03-07 20:58","","","","","","","2026-03-13 08:43","","","","","","","","","","","","","","","","","2026-03-13 08:43","","","","","","","","2026-01-29 13:53","","","2026-02-27 15:44","","","","","","","2026-03-07 20:58","","","","2026-03-13 08:43","","","","","","","","","","","","","","","","","","","","","","","","769:13:08","","","","","","","","","","","","","","","","","","","","","","","","130:44:01","","","","197:14:16","","","","","","","697:50:46","","","142:29:33","","","","","","",""
"18972194710","Swiss Farms NE - PRIMARY","10.0","Medium","7. Closed Won","Referral - Other (notes)","","Contract
","2025-05-31","50.0","15.0","19.0","Justin Jackson (Deactivated User)","New Business","2024-04-22 07:36","3489:23:34","","","","","","","","","","","","","","","","","","","","","606:12:02","","","","","","","869:18:07","","","","","","","","","","3811:58:23","","","","","","","2024-04-29 07:37","","","","","","","","","","","","","","","","","","","","","2025-03-08 05:45","","","2025-05-08 18:15","","","","2025-04-02 12:57","","","","","","","","","","2024-09-30 10:46","","","","","","","2025-05-08 18:15","2024-09-21 17:01","","","","","","","","","","","","","","","","","","","","","2025-04-02 12:57","","","","","","","2025-05-08 18:15","","","","","","","","","","2025-03-08 05:45","","","","","","","8175:40:44","","","","","","","3811:58:23","","","","","","","","","","869:18:07","","","","","","","606:12:02","","","","","","","","","","","","","","","","","","","","","3489:23:34"
"37926454934","Kentucky Lake Oil - PRIMARY","9.0","Medium","Nurture","Referral - Other (notes)","","Evaluate (Accounting)","","","9.0","9.0","Steve Siegel","New Business","2025-05-22 10:18","218:59:16","","","","","","","5642:32:11","","","","","","","","","","","","","","","","","","","","","","","","","","","","","","","","","","","","","","2026-01-14 11:51","","","","","","","2025-05-24 10:19","","","","","","","","","","","","","","","","","","","","","","","","","","","","","","","2026-01-23 14:50","","","","","","","2026-01-23 14:50","2026-01-23 14:50","","","","","","","2026-01-14 11:51","","","","","","","","","","","","","","","","","","","","","","","","","","","","","","","","","","","","","","1938:05:27","","","","","","","","","","","","","","","","","","","","","","","","","","","","","","","","","","","","","","5642:32:11","","","","","","","218:59:16"
"58686328175","Rams Petroleum - PRIMARY","7.0","Medium","3. Discovery & Demo","","","","","","7.0","0.0","Steve Siegel","New Business","2026-03-31 11:18","","","","","","","","","","","","","","","","","","","","","","","","","","","","","","","","","","","","","","","","","","","","","","","","","","","","","","","","2026-04-03 11:18","","","","","","","","","","","","","","","","","","","","","","","","","","","","","","","","","","","2026-04-03 11:18","","","","","","","","","","","","","","","","","","","","","","","","","","","","","","","","","","","","","","","","","","","","","","262:37:30","","","","","","","","","","","","","","","","","","","","","","","","","","","","","","","","","","","","","","","","","","","","",""
"48473796281","7-Eleven - PRIMARY","0.0","Medium","1. Active Pipe Lead","Event/Show - (Non CM)","","F/u meet","","","8000.0","2.0","Adit Gupta","Strategic","2025-11-04 07:16","","","","","","","","","","","","","","","","","","","","","","","","","","","","","","","","","","","","","","","","","","","","","","2025-11-07 07:17","","","","","","","","","","","","","","","","","","","","","","","","","","","","","","","","","","","","","","","","","","","","","2025-11-07 07:17","","","","","","","","","","","","","","","","","","","","","","","","","","","","","","","","","","","","","","","","","","","","","","3793:39:07","","","","","","","","","","","","","","","","","","","","","","","","","","","","","","","","","","","","","","","","","","","","",""
"56828822325","Gilligan Company - PRIMARY","","Medium","2. Qualified","Event/Show - Core-Mark","","overview mtg","","","45.0","0.0","Steve Siegel","New Business","2026-02-19 11:46","","","","","","","","","","","","","","","","","","","","","","","","","","","","","","","","","","","","","","","","","","","","","","","","","","","","","2026-02-23 11:47","","","","","","","","","","","","","","","","","","","","","","","","","","","","","","","","","","","","","","2026-02-23 11:47","","","","","","","","","","","","","","","","","","","","","","","","","","","","","","","","","","","","","","","","","","","","","","1197:09:07","","","","","","","","","","","","","","","","","","","","","","","","","","","","","","","","","","","","","","","","","","","","",""
"57100466097","Gas N Wash - Free test (signed with vroom)","","Medium","1. Active Pipe Lead","Event/Show - Core-Mark","","he looking post pilot pricing","","","","0.0","Steve Siegel","New Business","2026-02-16 15:48","","","","","","","","518:14:11","","","488:13:53","","","","","","","","","","","","","","","","","","","","","","","","","","","","","","","","","","","2026-04-10 15:17","","","","","","","2026-03-26 20:28","","","2026-03-06 11:14","","","","","","","","","","","","","","","","","","","","","","","","","","","","","","","","","","","2026-04-10 15:17","","","","","","","","2026-04-10 15:17","","","2026-03-26 20:28","","","","","","","","","","","","","","","","","","","","","","","","","","","","","","","","","","","90:38:49","","","","","","","","","","","","","","","","","","","","","","","","","","","","","","","","","","","488:13:53","","","354:48:45","","","","","","",""
"56279901444","Cousins Petro - PRIMARY","","Medium","5. Negotiation","","","1p website price","","65.0","4.0","0.0","Steve Siegel","New Business","2026-01-30 16:41","","","","","","","","","","","1317:30:45","","","","","","","","","","","","","","","","","","","","","","","","","","","","","","","","","","","","","","","","","","","","","2026-02-14 16:41","","","","","","","2026-04-10 15:12","","","","","","","","","","","","","","","","","","","","","","","","","","","","2026-04-10 15:12","","","","","","","","","","","2026-04-10 15:12","","","","","","","","","","","","","","","","","","","","","","","","","","","","","","","","","","","90:43:37","","","","","","","","","","","","","","","","","","","","","","","","","","","","","","","","","","","1317:30:45","","","","","","","","","",""
"53822014015","Caseys-100 store test","","Medium","Nurture","","","meeting late jan","","","2639.0","3.0","Adit Gupta","New Business","2026-01-13 12:15","","","","","","","","361:41:36","","","","","","","","","","","","","","","","","","","","","","","","","","","","","","","","","","","","","","","","","","","","","2026-01-14 12:16","","","","","","","","","","","","","","","","","","","","","","","","","","","","","","","2026-01-29 13:57","","","","","","","2026-01-29 13:57","","","","","","","","2026-01-29 13:57","","","","","","","","","","","","","","","","","","","","","","","","","","","","","","","","","","","","","","1794:58:30","","","","","","","","","","","","","","","","","","","","","","","","","","","","","","","","","","","","","","361:41:36","","","","","","",""
"53821952370","GHRA-80 store test","","Medium","2. Qualified","","","site analysis","","","","15.0","Steve Siegel","New Business","2026-01-07 12:05","","","","","","","","","","","","","","","","","","","","","","","","","","","","","","","","","","","","","","","","","","","","","","","","","","","","","2026-01-14 12:05","","","","","","","","","","","","","","","","","","","","","","","","","","","","","","","","","","","","","","2026-01-14 12:05","","","","","","","","","","","","","","","","","","","","","","","","","","","","","","","","","","","","","","","","","","","","","","2156:50:09","","","","","","","","","","","","","","","","","","","","","","","","","","","","","","","","","","","","","","","","","","","","",""
"48535536140","Gulf Oil - PRIMARY","","Medium","Nurture","Event/Show - (Non CM)","","Set meet","","","1200.0","7.0","Steve Siegel","Strategic","2025-11-04 07:14","3630:34:59","","","","","","","","","","","","","","","","","","","","","","","","","","","","","","","","","","","","","","","","","","","","","2025-11-07 07:14","","","","","","","","","","","","","","","","","","","","","","","","","","","","","","","","","","","","","","2026-04-07 14:49","","","","","","","2026-04-07 14:49","2026-04-07 14:49","","","","","","","","","","","","","","","","","","","","","","","","","","","","","","","","","","","","","","","","","","","","","163:06:13","","","","","","","","","","","","","","","","","","","","","","","","","","","","","","","","","","","","","","","","","","","","","3630:34:59"
"48474041632","Buy2stores - PRIMARY","","Medium","3. Discovery & Demo","Event/Show - (Non CM)","","meeting 1.24","","55.0","30.0","15.0","Steve Siegel","New Business","2025-11-04 07:13","914:15:58","","","","","","","144:50:22","","","1054:32:38","","","","","","","00:00:10","","","","","","","","","","","","","","","","","","","","","","","","","","","","2025-11-07 07:13","","","","","","","2025-12-15 09:29","","","2026-02-03 08:52","","","","","","","2026-02-03 08:52","","","","","","","","","","","","","","","","","","","","","","","","","","","","2026-02-03 08:52","2025-12-15 09:29","","","","","","","2025-12-21 10:19","","","2026-02-03 08:52","","","","","","","2026-02-03 08:52","","","","","","","","","","","","","","","","","","","","","","","","","","","","1680:03:25","","","","","","","","","","","","","","","","","","","","","","","","","","","","00:00:10","","","","","","","1054:32:38","","","144:50:22","","","","","","","914:15:58"
"34183623798","OnCue Marketing LLC - PRIMARY","","Cold","1. Active Pipe Lead","Event/Show - (Non CM)","CRU25","Demo and Trial","2025-04-16","","75.0","4.0","Steve Siegel","New Business","2025-02-25 07:50","","","","","","","","","","","","","","","","","","","","","","","","","","","","","","","","","","","","","","","","","","","","","","2025-03-03 07:51","","","","","","","","","","","","","","","","","","","","","","","","","","","","","","","","","","","","","","","","","","","","","2025-03-03 07:51","","","","","","","","","","","","","","","","","","","","","","","","","","","","","","","","","","","","","","","","","","","","","","9769:05:04","","","","","","","","","","","","","","","","","","","","","","","","","","","","","","","","","","","","","","","","","","","","",""
"30506573160","Dollar General - PRIMARY","","Cold","Nurture","Other Target List","","Get meeting","2025-05-31","","1882.0","7.0","Adit Gupta","New Business","2024-12-17 05:56","9437:15:51","","","","","","","","","","","","","","","","","","","","","","","","","","","","","","","","","","","","","","","","","","","","","2024-12-17 05:57","","","","","","","","","","","","","","","","","","","","","","","","","","","","","","","","","","","","","","2026-01-14 11:13","","","","","","","2026-01-14 11:13","2026-01-14 11:13","","","","","","","","","","","","","","","","","","","","","","","","","","","","","","","","","","","","","","","","","","","","","2157:43:04","","","","","","","","","","","","","","","","","","","","","","","","","","","","","","","","","","","","","","","","","","","","","9437:15:51"
